vol_idx,pred_id,x_px,y_px,z_plane,x_um,y_um,z_um,status,gt_id,err_xy_um,err_z_um,err_um,dx_um,dy_um,dz_um
103,0,419.7,5.3,4.16,57.708,0.729,2.08,TP,0,0.086,0.049,0.099,0.063,0.059,-0.049
103,1,212.67,20.49,5.37,29.242,2.817,2.686,TP,1,0.037,0.114,0.12,-0.011,-0.035,0.114
103,2,18.16,31.35,4.21,2.497,4.311,2.106,TP,2,0.045,0.022,0.05,-0.043,-0.013,0.022
103,3,8.57,140.27,7.93,1.179,19.288,3.964,TP,3,0.023,0.128,0.131,-0.012,-0.02,0.128
103,4,352.62,145.14,6.48,48.485,19.957,3.239,TP,5,0.322,0.439,0.545,-0.211,-0.243,0.439
103,5,241.27,143.42,7.25,33.174,19.72,3.627,TP,4,0.03,0.018,0.035,-0.027,0.013,-0.018
103,6,91.83,173.95,6.15,12.626,23.919,3.076,TP,6,0.163,0.335,0.373,-0.036,-0.159,0.335
103,7,218.48,187.47,2.0,30.041,25.777,1.0,TP,7,0.011,0.033,0.035,0.01,-0.004,0.033
103,8,28.72,197.9,7.57,3.949,27.212,3.786,TP,8,0.065,0.026,0.07,0.056,0.032,0.026
103,9,201.81,219.46,3.7,27.749,30.176,1.849,TP,9,0.098,0.035,0.104,0.041,0.089,-0.035
103,10,361.42,249.76,8.55,49.695,34.342,4.276,TP,10,0.158,0.005,0.158,0.131,0.088,0.005
103,11,453.79,253.99,7.76,62.396,34.924,3.879,TP,11,0.121,0.118,0.169,0.062,0.104,0.118
103,12,221.63,262.03,5.05,30.474,36.029,2.523,TP,12,0.115,0.054,0.127,-0.114,0.01,0.054
103,13,388.36,314.34,5.49,53.4,43.222,2.746,TP,13,0.003,0.281,0.281,-0.002,-0.003,-0.281
103,14,495.88,403.58,7.17,68.184,55.492,3.583,TP,14,0.048,0.03,0.057,0.045,-0.016,0.03
103,15,240.55,414.73,7.35,33.075,57.025,3.677,TP,15,0.039,0.184,0.188,-0.037,0.013,0.184
103,16,235.17,441.1,1.0,32.335,60.651,0.5,TP,16,0.041,0.0,0.041,0.041,-0.006,0.0
103,17,91.86,458.95,5.12,12.631,63.106,2.558,TP,17,0.051,0.074,0.09,0.049,0.016,-0.074
103,18,155.67,483.73,2.51,21.405,66.512,1.257,TP,18,0.009,0.021,0.023,-0.009,0.001,0.021
103,19,111.82,488.15,6.0,15.376,67.121,3.0,TP,19,0.045,0.0,0.045,-0.043,-0.013,0.0
104,0,406.49,5.87,1.84,55.892,0.807,0.922,TP,0,0.031,0.051,0.059,0.018,-0.025,-0.051
104,1,181.98,36.51,6.11,25.022,5.02,3.057,TP,2,0.023,0.046,0.051,0.018,-0.014,0.046
104,2,109.72,37.5,7.25,15.086,5.156,3.624,TP,1,0.71,0.245,0.751,0.702,0.109,-0.245
104,3,466.91,118.32,5.93,64.2,16.269,2.963,TP,3,0.255,0.344,0.428,-0.104,-0.233,0.344
104,4,215.5,134.68,6.6,29.631,18.519,3.301,TP,4,0.047,0.009,0.048,0.005,-0.046,0.009
104,5,167.3,139.8,2.41,23.004,19.222,1.207,TP,5,0.013,0.006,0.014,-0.008,0.01,-0.006
104,6,341.12,145.33,1.0,46.905,19.983,0.5,TP,6,0.016,0.0,0.016,-0.01,0.013,0.0
104,7,169.86,192.28,6.85,23.356,26.439,3.425,TP,7,0.009,0.061,0.062,0.001,-0.009,0.061
104,8,74.75,247.4,4.5,10.278,34.018,2.248,TP,8,0.063,0.115,0.132,-0.06,-0.021,0.115
104,9,126.8,249.11,2.59,17.435,34.252,1.297,TP,9,0.011,0.119,0.12,0.007,-0.008,0.119
104,10,476.81,311.16,5.21,65.561,42.784,2.604,TP,10,0.015,0.018,0.023,-0.009,0.012,0.018
104,11,406.76,329.39,1.88,55.93,45.291,0.941,TP,11,0.019,0.126,0.127,-0.011,-0.015,0.126
104,12,316.2,358.06,5.62,43.477,49.233,2.812,TP,12,0.013,0.06,0.061,-0.003,0.013,0.06
104,13,404.73,376.47,2.8,55.651,51.764,1.401,TP,13,0.048,0.011,0.049,0.03,0.038,0.011
104,14,23.15,394.24,6.46,3.183,54.207,3.229,TP,14,0.036,0.045,0.058,0.034,0.012,-0.045
104,15,327.01,416.02,3.0,44.964,57.203,1.5,TP,15,0.022,0.048,0.053,0.004,0.021,-0.048
104,16,57.42,455.08,1.0,7.896,62.574,0.5,TP,16,0.013,0.0,0.013,0.005,0.012,0.0
104,17,274.66,489.31,3.58,37.766,67.28,1.792,TP,17,0.053,0.041,0.067,0.027,0.045,-0.041
104,18,264.29,501.56,6.55,36.34,68.964,3.273,TP,18,0.168,0.357,0.394,0.161,0.046,-0.357
105,0,470.81,11.89,5.45,64.737,1.635,2.723,TP,0,0.218,0.236,0.321,-0.042,-0.214,0.236
105,1,53.62,17.08,2.64,7.373,2.348,1.321,TP,1,0.693,0.342,0.773,0.634,0.281,0.342
105,2,380.7,17.28,3.14,52.346,2.376,1.57,TP,2,0.033,0.105,0.11,0.026,-0.021,-0.105
105,3,314.16,79.8,1.36,43.197,10.972,0.682,TP,4,0.005,0.022,0.023,-0.004,0.001,0.022
105,4,429.01,105.99,2.42,58.989,14.573,1.208,TP,5,0.009,0.002,0.009,-0.009,-0.002,0.002
105,5,353.93,166.05,1.48,48.666,22.831,0.739,TP,6,0.025,0.086,0.09,-0.006,0.024,0.086
105,6,478.59,188.59,1.37,65.806,25.931,0.684,TP,7,0.069,0.009,0.07,-0.031,-0.062,0.009
105,7,269.05,195.9,1.0,36.994,26.936,0.5,TP,8,0.018,0.0,0.018,0.013,0.012,0.0
105,8,193.86,239.45,3.97,26.655,32.924,1.984,TP,9,0.008,0.016,0.018,-0.002,-0.008,-0.016
105,9,99.27,261.1,2.48,13.65,35.901,1.241,TP,10,0.017,0.006,0.018,-0.017,0.002,0.006
105,10,74.69,317.38,6.76,10.27,43.64,3.381,TP,11,0.297,0.443,0.533,-0.114,-0.274,0.443
105,11,144.78,321.37,3.09,19.908,44.188,1.544,TP,12,0.096,0.155,0.182,0.094,0.02,-0.155
105,12,126.39,336.0,4.67,17.378,46.2,2.333,TP,13,0.072,0.167,0.181,-0.072,-0.002,-0.167
105,13,268.86,365.14,1.55,36.968,50.207,0.774,TP,14,0.026,0.04,0.048,-0.026,-0.002,0.04
105,14,313.44,404.04,7.66,43.097,55.555,3.831,TP,15,0.119,0.112,0.163,0.023,0.117,0.112
105,15,395.3,412.4,2.03,54.354,56.705,1.017,TP,16,0.024,0.052,0.058,-0.015,-0.019,0.052
105,16,357.15,440.82,5.74,49.108,60.613,2.87,TP,17,0.064,0.001,0.064,0.018,0.062,-0.001
105,17,171.94,468.38,7.39,23.642,64.402,3.693,TP,18,0.129,0.281,0.309,-0.064,-0.112,0.281
105,18,378.37,500.65,1.63,52.026,68.839,0.816,TP,19,0.046,0.07,0.084,-0.031,0.034,0.07
105,,,,,8.819,2.955,1.974,FN,3,,,,,,
118,0,323.14,4.53,1.0,44.432,0.623,0.5,TP,0,0.042,0.0,0.042,0.004,0.042,0.0
118,1,420.48,8.09,8.05,57.816,1.113,4.024,TP,1,0.164,0.012,0.164,0.024,0.162,0.012
118,2,43.42,47.33,1.54,5.971,6.508,0.77,TP,2,0.012,0.031,0.033,-0.006,0.011,0.031
118,3,411.12,56.34,3.9,56.529,7.747,1.952,TP,3,0.01,0.077,0.077,0.008,-0.006,-0.077
118,4,370.34,75.61,7.61,50.922,10.396,3.803,TP,4,0.565,0.23,0.61,0.565,-0.005,-0.23
118,5,364.0,75.0,9.0,50.05,10.312,4.5,FP,,,,,,,
118,6,102.52,143.11,1.9,14.097,19.677,0.951,TP,5,0.038,0.006,0.038,0.032,0.019,-0.006
118,7,470.54,142.67,5.0,64.7,19.617,2.5,TP,6,0.012,0.0,0.012,-0.011,0.001,0.0
118,8,257.2,145.28,2.03,35.365,19.976,1.013,TP,7,0.04,0.013,0.042,0.009,0.038,0.013
118,9,39.55,155.62,4.1,5.439,21.398,2.048,TP,8,0.015,0.239,0.24,0.015,0.0,-0.239
118,10,75.8,170.2,9.0,10.423,23.403,4.5,FP,,,,,,,
118,11,85.67,177.05,6.34,11.78,24.345,3.17,TP,9,0.178,0.243,0.301,-0.121,-0.13,0.243
118,12,78.5,172.0,9.0,10.794,23.65,4.5,FP,,,,,,,
118,13,391.81,315.8,7.24,53.874,43.422,3.622,TP,10,0.042,0.004,0.042,0.04,0.013,-0.004
118,14,503.84,319.79,4.04,69.278,43.972,2.022,TP,11,0.034,0.022,0.04,0.023,0.025,0.022
118,15,467.0,360.14,4.19,64.213,49.52,2.094,TP,12,0.056,0.076,0.095,-0.03,-0.047,0.076
118,16,441.41,363.32,1.22,60.693,49.957,0.608,TP,13,0.052,0.108,0.12,-0.033,-0.04,0.108
118,17,461.97,383.2,3.04,63.521,52.69,1.522,TP,15,0.032,0.296,0.298,-0.029,-0.013,0.296
118,18,441.0,382.5,5.0,60.638,52.594,2.5,FP,,,,,,,
118,19,421.64,386.69,3.36,57.975,53.169,1.679,TP,16,0.104,0.068,0.124,-0.075,-0.071,-0.068
118,20,442.2,385.6,0.0,60.803,53.02,0.0,FP,,,,,,,
118,21,414.2,421.75,5.74,56.953,57.991,2.87,TP,17,0.018,0.133,0.135,-0.009,-0.016,0.133
118,22,399.82,463.68,7.62,54.975,63.756,3.81,TP,18,0.094,0.036,0.1,0.094,0.001,0.036
118,23,116.34,469.55,4.83,15.997,64.564,2.417,TP,19,0.074,0.084,0.112,-0.068,-0.03,0.084
118,,,,,57.331,53.176,3.779,FN,14,,,,,,
119,0,66.74,9.67,2.66,9.176,1.329,1.329,TP,0,0.042,0.026,0.05,0.032,0.028,0.026
119,1,364.57,115.53,7.74,50.128,15.886,3.87,TP,1,0.027,0.098,0.102,0.005,0.026,0.098
119,2,192.81,122.81,3.1,26.511,16.886,1.548,TP,2,0.966,0.5,1.087,-0.045,-0.965,0.5
119,3,488.87,131.09,5.47,67.219,18.025,2.734,TP,3,0.146,0.221,0.265,-0.065,-0.131,0.221
119,4,193.5,134.44,1.47,26.606,18.485,0.734,FP,,,,,,,
119,5,330.2,140.8,8.09,45.403,19.36,4.047,TP,4,0.108,0.047,0.117,0.101,0.036,0.047
119,6,274.07,157.1,4.72,37.685,21.601,2.36,TP,5,0.24,0.255,0.35,-0.236,-0.044,0.255
119,7,315.0,168.5,1.5,43.312,23.169,0.75,TP,6,0.007,0.005,0.009,0.0,0.007,0.005
119,8,502.59,240.27,1.61,69.106,33.037,0.806,TP,7,0.103,0.108,0.149,0.034,0.098,0.108
119,9,385.91,252.91,8.54,53.062,34.775,4.269,TP,8,0.456,0.494,0.672,-0.079,-0.449,0.494
119,10,307.27,257.65,3.23,42.25,35.427,1.614,TP,9,0.023,0.03,0.037,-0.019,-0.013,0.03
119,11,387.66,258.7,6.45,53.303,35.572,3.227,FP,,,,,,,
119,12,336.43,262.93,2.85,46.26,36.154,1.424,TP,10,0.035,0.011,0.036,0.024,0.025,-0.011
119,13,280.14,291.81,1.5,38.52,40.124,0.75,TP,11,0.017,0.0,0.017,-0.015,0.008,0.0
119,14,396.58,315.87,1.93,54.529,43.432,0.963,TP,12,0.022,0.027,0.035,-0.008,0.021,-0.027
119,15,38.22,348.1,6.49,5.255,47.864,3.244,TP,13,0.015,0.002,0.015,0.005,0.014,0.002
119,16,386.49,397.35,1.93,53.142,54.635,0.967,TP,14,0.011,0.039,0.041,0.0,0.011,0.039
119,17,24.29,401.63,1.81,3.34,55.224,0.903,TP,15,0.031,0.096,0.1,-0.018,-0.025,0.096
119,18,81.87,430.29,7.05,11.257,59.166,3.527,TP,16,0.069,0.08,0.106,0.068,0.012,-0.08
119,19,55.46,472.07,7.83,7.625,64.909,3.913,TP,17,0.065,0.11,0.128,-0.001,-0.065,0.11
119,20,233.38,498.89,2.41,32.09,68.598,1.205,TP,18,0.021,0.055,0.059,-0.019,-0.009,0.055
121,0,160.13,5.29,4.18,22.019,0.728,2.089,TP,0,0.081,0.408,0.416,0.026,0.076,-0.408
121,1,225.98,36.51,3.78,31.073,5.02,1.891,TP,1,0.044,0.001,0.044,0.013,0.042,-0.001
121,2,349.29,62.39,7.18,48.028,8.578,3.592,TP,2,0.107,0.16,0.192,-0.102,-0.032,0.16
121,3,212.3,115.3,7.19,29.191,15.853,3.597,TP,3,0.059,0.056,0.082,0.007,-0.058,0.056
121,4,99.57,166.94,7.7,13.691,22.955,3.852,TP,4,0.502,0.306,0.588,0.495,0.085,-0.306
121,5,298.65,178.57,5.17,41.065,24.554,2.583,TP,5,0.072,0.115,0.135,0.01,-0.071,0.115
121,6,454.87,194.37,1.57,62.545,26.725,0.786,TP,6,0.007,0.027,0.028,-0.001,-0.007,0.027
121,7,421.18,212.01,8.22,57.912,29.152,4.108,TP,7,0.204,0.1,0.227,0.051,0.198,0.1
121,8,105.55,278.54,5.5,14.513,38.299,2.752,TP,8,0.008,0.244,0.244,0.004,0.008,-0.244
121,9,344.69,294.44,5.84,47.395,40.486,2.922,TP,9,0.292,0.463,0.548,-0.114,-0.269,0.463
121,10,337.41,334.5,2.44,46.394,45.994,1.22,TP,10,0.014,0.013,0.02,-0.014,-0.004,-0.013
121,11,376.08,359.9,6.21,51.711,49.487,3.103,TP,11,0.068,0.133,0.149,-0.055,-0.039,0.133
121,12,357.78,396.34,7.69,49.195,54.496,3.845,TP,12,0.132,0.052,0.142,0.022,0.13,-0.052
121,13,254.84,425.35,5.0,35.04,58.485,2.5,TP,13,0.023,0.0,0.023,0.012,0.02,0.0
121,14,413.56,443.09,2.48,56.865,60.925,1.241,TP,14,0.004,0.015,0.015,0.004,-0.0,-0.015
121,15,313.9,469.81,2.0,43.161,64.599,1.0,TP,15,0.03,0.0,0.03,0.016,0.025,0.0
121,16,117.98,484.22,1.56,16.222,66.58,0.78,TP,16,0.023,0.03,0.038,0.01,0.02,0.03
121,17,205.44,488.44,1.51,28.248,67.161,0.756,TP,17,0.026,0.012,0.028,0.026,0.0,0.012
121,18,4.72,504.78,2.81,0.649,69.408,1.405,TP,18,0.063,0.101,0.119,-0.009,0.063,-0.101
121,19,511.0,505.0,9.0,70.263,69.438,4.5,FP,,,,,,,
121,20,160.58,508.33,9.0,22.08,69.896,4.5,FP,,,,,,,
123,0,395.17,0.8,8.47,54.335,0.11,4.233,FP,,,,,,,
123,1,468.72,11.17,5.53,64.448,1.536,2.763,TP,0,0.071,0.044,0.084,-0.051,-0.049,0.044
123,2,308.47,96.6,2.15,42.415,13.282,1.076,TP,1,0.013,0.048,0.05,-0.002,0.013,0.048
123,3,151.88,115.59,1.0,20.884,15.893,0.5,TP,2,0.02,0.0,0.02,-0.016,0.012,0.0
123,4,470.61,133.27,5.94,64.708,18.325,2.971,TP,3,0.066,0.066,0.094,-0.056,-0.036,0.066
123,5,209.11,139.9,1.47,28.753,19.237,0.733,TP,4,0.036,0.009,0.037,-0.003,0.036,0.009
123,6,380.27,208.5,1.0,52.288,28.669,0.5,TP,5,0.044,0.0,0.044,-0.031,0.031,0.0
123,7,190.12,211.35,6.99,26.142,29.061,3.497,TP,6,0.11,0.326,0.344,-0.097,-0.051,0.326
123,8,306.83,224.38,1.45,42.188,30.852,0.725,TP,7,0.034,0.012,0.037,0.0,0.034,-0.012
123,9,199.96,227.21,1.0,27.495,31.242,0.5,TP,8,0.085,0.0,0.085,-0.01,0.084,0.0
123,10,32.29,273.07,4.98,4.44,37.547,2.49,TP,9,0.037,0.004,0.038,-0.02,-0.032,0.004
123,11,241.28,297.84,3.37,33.176,40.953,1.684,TP,10,0.013,0.038,0.04,-0.003,0.013,-0.038
123,12,270.58,308.45,2.38,37.205,42.412,1.189,TP,11,0.016,0.027,0.031,-0.004,0.016,0.027
123,13,197.58,326.45,1.0,27.167,44.887,0.5,TP,12,0.012,0.0,0.012,-0.012,0.003,0.0
123,14,318.2,356.11,7.67,43.752,48.966,3.833,TP,13,0.053,0.035,0.063,0.05,-0.016,0.035
123,15,411.25,391.13,1.49,56.546,53.781,0.746,TP,14,0.018,0.036,0.041,0.009,0.016,0.036
123,16,234.49,413.48,3.36,32.243,56.854,1.68,TP,15,0.015,0.012,0.019,-0.015,0.001,-0.012
123,17,96.0,427.21,1.0,13.2,58.741,0.5,TP,16,0.005,0.0,0.005,-0.004,-0.003,0.0
123,18,479.48,446.32,4.4,65.928,61.369,2.2,TP,17,0.001,0.043,0.043,0.0,0.001,-0.043
123,19,76.96,496.97,1.86,10.582,68.333,0.932,TP,18,0.018,0.003,0.018,-0.004,0.017,-0.003
123,20,394.9,509.23,7.95,54.299,70.019,3.975,TP,19,0.408,0.382,0.559,-0.403,-0.064,0.382
13,0,67.83,41.43,3.17,9.327,5.696,1.587,TP,0,0.075,0.04,0.085,0.006,0.075,-0.04
13,1,365.31,48.55,2.81,50.23,6.676,1.407,TP,1,0.056,0.043,0.07,0.048,0.028,-0.043
13,2,270.21,55.77,5.39,37.154,7.668,2.694,TP,2,0.029,0.019,0.035,-0.009,-0.027,0.019
13,3,208.14,57.62,5.78,28.62,7.923,2.89,TP,3,0.048,0.08,0.094,0.048,-0.006,-0.08
13,4,419.5,68.5,1.0,57.681,9.419,0.5,TP,4,0.029,0.0,0.029,-0.029,0.0,0.0
13,5,269.61,77.05,1.5,37.071,10.595,0.75,TP,5,0.02,0.031,0.037,0.011,0.017,0.031
13,6,168.81,85.95,3.46,23.212,11.818,1.73,TP,6,0.005,0.04,0.04,-0.002,-0.004,-0.04
13,7,69.18,86.02,1.7,9.512,11.828,0.85,TP,7,0.023,0.036,0.043,0.022,-0.008,0.036
13,8,357.1,156.27,5.89,49.101,21.487,2.944,TP,8,0.06,0.111,0.126,-0.046,-0.038,0.111
13,9,56.2,194.9,3.06,7.727,26.798,1.528,TP,9,0.021,0.018,0.028,0.007,-0.02,0.018
13,10,57.45,209.81,6.51,7.899,28.849,3.255,TP,10,0.213,0.249,0.328,0.055,0.206,-0.249
13,11,343.64,238.82,6.09,47.25,32.838,3.043,TP,11,0.049,0.019,0.052,0.043,-0.022,-0.019
13,12,452.57,247.29,9.0,62.229,34.002,4.5,FP,,,,,,,
13,13,458.37,257.93,5.69,63.026,35.466,2.847,TP,13,0.114,0.237,0.263,0.083,0.078,-0.237
13,14,168.43,258.81,4.45,23.159,35.587,2.224,TP,12,0.024,0.026,0.035,0.014,0.019,-0.026
13,15,374.82,298.62,3.39,51.538,41.061,1.696,TP,14,0.032,0.053,0.061,0.01,0.03,-0.053
13,16,164.28,322.02,1.84,22.589,44.277,0.922,TP,15,0.061,0.122,0.136,-0.061,0.002,0.122
13,17,307.52,356.94,6.14,42.284,49.08,3.069,TP,16,0.299,0.251,0.39,-0.197,-0.225,0.251
13,18,29.01,362.77,6.03,3.988,49.881,3.014,TP,17,0.014,0.048,0.05,-0.011,-0.008,0.048
13,19,26.59,485.98,3.01,3.656,66.822,1.505,TP,18,0.005,0.035,0.035,-0.004,-0.003,0.035
13,20,147.08,499.73,8.18,20.224,68.712,4.089,TP,19,0.175,0.098,0.201,0.154,0.085,0.098
143,0,489.76,32.5,5.47,67.342,4.469,2.736,TP,0,0.116,0.052,0.127,-0.054,-0.102,0.052
143,1,456.33,71.21,2.72,62.745,9.792,1.362,TP,1,0.009,0.012,0.015,-0.009,-0.002,0.012
143,2,188.57,110.45,5.69,25.928,15.187,2.845,TP,2,0.103,0.2,0.225,-0.056,-0.087,0.2
143,3,283.22,112.09,1.91,38.943,15.412,0.957,TP,3,0.007,0.087,0.087,0.005,0.004,0.087
143,4,175.31,157.78,4.47,24.105,21.695,2.233,TP,4,0.005,0.037,0.037,0.001,0.005,-0.037
143,5,399.46,180.73,2.41,54.926,24.85,1.206,TP,5,0.017,0.001,0.017,-0.006,0.016,0.001
143,6,464.15,213.08,6.42,63.82,29.298,3.209,TP,7,0.212,0.343,0.403,-0.072,-0.199,0.343
143,7,103.21,207.0,1.0,14.191,28.463,0.5,TP,6,0.035,0.0,0.035,-0.005,0.034,0.0
143,8,507.8,266.68,7.78,69.823,36.668,3.889,TP,8,0.22,0.076,0.232,0.043,0.216,0.076
143,9,17.8,294.8,1.0,2.447,40.535,0.5,TP,9,0.02,0.0,0.02,-0.018,0.009,0.0
143,10,120.44,326.29,1.0,16.561,44.865,0.5,TP,10,0.023,0.0,0.023,-0.016,0.016,0.0
143,11,384.55,339.24,3.15,52.875,46.645,1.575,TP,11,0.029,0.058,0.065,-0.015,0.025,0.058
143,12,110.36,376.61,7.77,15.175,51.784,3.884,TP,12,0.236,0.143,0.276,0.111,0.208,-0.143
143,13,352.46,388.11,6.65,48.463,53.366,3.323,TP,13,0.606,0.583,0.841,0.575,0.19,-0.583
143,14,90.19,415.47,7.03,12.401,57.127,3.515,TP,14,0.009,0.015,0.017,0.008,-0.004,0.015
143,15,325.28,425.48,3.08,44.726,58.504,1.54,TP,15,0.017,0.029,0.034,0.017,-0.001,0.029
143,16,119.08,483.01,7.33,16.374,66.414,3.667,TP,16,0.06,0.027,0.066,0.006,0.06,-0.027
143,17,335.66,485.9,6.34,46.153,66.812,3.17,TP,17,0.149,0.316,0.349,-0.144,-0.037,0.316
143,18,226.12,491.4,6.52,31.091,67.568,3.261,TP,18,0.089,0.266,0.28,-0.068,-0.057,0.266
143,19,468.85,501.46,1.0,64.466,68.951,0.5,TP,19,0.043,0.0,0.043,-0.01,0.041,0.0
148,0,49.02,53.39,6.76,6.74,7.341,3.381,TP,0,0.221,0.171,0.279,-0.137,-0.173,0.171
148,1,214.17,79.73,3.49,29.448,10.963,1.744,TP,1,0.02,0.001,0.02,0.015,-0.014,0.001
148,2,10.65,107.94,5.63,1.465,14.842,2.814,TP,2,0.019,0.334,0.334,0.019,-0.001,0.334
148,3,48.48,147.89,8.16,6.666,20.335,4.082,TP,3,0.482,0.079,0.488,0.332,0.349,-0.079
148,4,292.17,177.74,5.84,40.173,24.439,2.92,TP,4,0.219,0.175,0.281,-0.158,-0.152,0.175
148,5,389.69,185.17,7.24,53.583,25.461,3.62,TP,5,0.067,0.034,0.076,0.034,0.058,-0.034
148,6,222.83,190.47,5.65,30.639,26.189,2.825,TP,6,0.231,0.371,0.437,-0.116,-0.2,0.371
148,7,429.1,194.35,1.52,59.002,26.724,0.76,TP,7,0.021,0.031,0.037,-0.011,0.017,0.031
148,8,345.62,215.28,2.52,47.523,29.601,1.261,TP,8,0.018,0.007,0.02,-0.007,-0.017,0.007
148,9,70.4,231.09,7.04,9.679,31.774,3.518,TP,9,0.114,0.087,0.143,-0.024,-0.111,0.087
148,10,460.96,242.74,3.8,63.382,33.377,1.899,TP,10,0.03,0.077,0.082,0.016,0.026,-0.077
148,11,489.76,254.67,2.0,67.342,35.017,1.0,TP,11,0.112,0.0,0.112,0.109,0.03,0.0
148,12,112.1,275.08,5.23,15.414,37.824,2.613,TP,12,0.043,0.008,0.044,0.02,0.039,-0.008
148,13,66.54,291.48,3.96,9.149,40.078,1.978,TP,13,0.041,0.03,0.051,0.012,0.039,-0.03
148,14,455.06,360.09,6.24,62.57,49.512,3.119,TP,14,0.044,0.067,0.08,0.044,-0.0,-0.067
148,15,185.53,366.37,1.0,25.51,50.376,0.5,TP,15,0.032,0.0,0.032,0.022,0.023,0.0
148,16,457.58,407.88,3.47,62.917,56.083,1.734,TP,16,0.01,0.036,0.038,0.002,0.01,0.036
148,17,124.0,467.32,1.56,17.05,64.256,0.78,TP,17,0.01,0.019,0.021,-0.01,0.001,0.019
149,0,103.88,19.01,7.64,14.284,2.614,3.82,TP,0,0.416,0.245,0.483,0.181,0.375,-0.245
149,1,478.76,34.87,3.13,65.829,4.794,1.563,TP,1,0.046,0.058,0.075,-0.045,-0.012,0.058
149,2,222.3,73.51,3.62,30.566,10.107,1.812,TP,2,0.01,0.041,0.042,0.0,0.01,0.041
149,3,465.0,75.0,1.0,63.938,10.312,0.5,TP,3,0.0,0.0,0.0,0.0,0.0,0.0
149,4,356.51,103.57,6.92,49.02,14.241,3.46,TP,4,0.076,0.156,0.173,0.035,0.068,-0.156
149,5,11.22,143.5,1.0,1.543,19.731,0.5,TP,5,0.038,0.0,0.038,-0.038,0.0,0.0
149,6,329.18,210.82,3.03,45.263,28.987,1.515,TP,6,0.015,0.014,0.02,0.003,0.015,-0.014
149,7,259.46,318.94,3.7,35.676,43.854,1.849,TP,7,0.074,0.008,0.075,0.031,0.068,-0.008
149,8,258.18,321.36,1.0,35.5,44.187,0.5,FP,,,,,,,
149,9,294.2,339.26,2.12,40.452,46.648,1.062,TP,8,0.028,0.012,0.03,0.017,0.022,0.012
149,10,498.03,365.48,2.99,68.479,50.253,1.495,TP,10,0.016,0.009,0.018,-0.015,-0.004,0.009
149,11,150.73,367.77,1.73,20.726,50.568,0.867,TP,9,0.037,0.043,0.057,-0.037,-0.002,0.043
149,12,130.45,377.15,7.51,17.937,51.858,3.757,TP,11,0.473,0.251,0.535,-0.152,-0.448,0.251
149,13,134.0,386.0,6.0,18.425,53.075,3.0,FP,,,,,,,
149,14,134.0,386.5,8.0,18.425,53.144,4.0,FP,,,,,,,
149,15,413.18,394.83,7.73,56.813,54.29,3.867,TP,12,0.161,0.002,0.161,0.069,0.146,-0.002
149,16,465.24,394.11,2.82,63.971,54.19,1.41,TP,13,0.047,0.02,0.051,-0.046,-0.01,-0.02
149,17,20.05,455.84,1.52,2.757,62.679,0.759,TP,14,0.033,0.014,0.035,-0.004,0.033,0.014
149,18,75.87,452.85,2.0,10.432,62.268,1.0,TP,15,0.027,0.009,0.028,0.026,0.002,-0.009
149,19,427.39,458.96,2.65,58.766,63.108,1.325,TP,16,0.023,0.048,0.053,0.002,0.023,-0.048
149,20,501.44,466.26,1.79,68.947,64.11,0.895,TP,17,0.021,0.16,0.161,-0.021,-0.002,0.16
149,21,192.83,502.66,6.54,26.514,69.116,3.272,TP,18,0.237,0.311,0.391,-0.025,-0.236,0.311
15,0,299.61,12.24,7.16,41.196,1.683,3.578,TP,0,0.01,0.044,0.045,-0.003,0.009,0.044
15,1,83.56,90.4,6.49,11.49,12.429,3.247,TP,1,0.007,0.039,0.039,0.004,-0.006,-0.039
15,2,148.86,110.39,3.0,20.469,15.178,1.5,TP,2,0.034,0.01,0.035,0.026,0.022,-0.01
15,3,305.88,122.72,3.19,42.059,16.874,1.594,TP,3,0.073,0.028,0.078,0.005,0.072,-0.028
15,4,273.58,133.29,1.58,37.618,18.328,0.792,TP,4,0.018,0.037,0.041,-0.015,-0.01,0.037
15,5,396.19,145.69,8.09,54.476,20.032,4.043,TP,5,0.021,0.035,0.04,0.012,0.017,0.035
15,6,432.45,193.05,1.48,59.461,26.545,0.741,TP,6,0.022,0.004,0.022,0.022,0.003,0.004
15,7,429.56,248.5,3.55,59.064,34.169,1.775,TP,7,0.036,0.044,0.057,0.035,0.009,-0.044
15,8,96.62,281.79,2.23,13.286,38.746,1.117,TP,8,0.019,0.037,0.042,-0.006,-0.018,0.037
15,9,253.19,294.8,1.27,34.813,40.535,0.636,TP,9,0.041,0.102,0.109,-0.006,-0.04,0.102
15,10,116.87,308.2,1.0,16.069,42.378,0.5,TP,10,0.018,0.0,0.018,0.001,0.018,0.0
15,11,465.7,323.07,7.07,64.034,44.422,3.533,TP,11,0.044,0.056,0.071,-0.035,-0.027,0.056
15,12,247.16,344.84,1.0,33.984,47.416,0.5,TP,12,0.02,0.0,0.02,0.015,0.013,0.0
15,13,132.36,379.4,5.0,18.2,52.167,2.5,TP,13,0.03,0.0,0.03,0.027,0.012,0.0
15,14,286.5,379.0,9.0,39.394,52.112,4.5,TP,14,1.272,0.75,1.477,-0.516,-1.163,0.75
15,15,286.5,383.0,8.0,39.394,52.663,4.0,FP,,,,,,,
15,16,286.61,400.37,3.07,39.409,55.051,1.534,TP,15,0.02,0.074,0.077,0.019,0.008,0.074
15,17,19.14,422.86,5.22,2.632,58.143,2.609,TP,16,0.147,0.119,0.189,-0.116,-0.09,0.119
15,18,58.94,444.61,3.21,8.104,61.133,1.606,TP,17,0.067,0.021,0.07,0.004,-0.067,-0.021
15,19,504.49,460.66,1.71,69.368,63.341,0.857,TP,18,0.034,0.125,0.13,-0.028,0.019,0.125
15,20,355.17,484.97,4.02,48.835,66.683,2.008,TP,19,0.013,0.002,0.013,-0.005,0.012,-0.002
151,0,243.33,73.41,7.4,33.458,10.094,3.698,TP,0,0.182,0.238,0.3,-0.081,-0.163,0.238
151,1,373.23,91.7,5.91,51.319,12.609,2.955,TP,1,0.325,0.5,0.596,-0.261,-0.194,0.5
151,2,297.0,100.0,9.0,40.838,13.75,4.5,TP,2,1.154,1.003,1.529,-0.433,-1.07,1.003
151,3,300.76,109.22,6.41,41.354,15.017,3.204,FP,,,,,,,
151,4,213.05,106.15,5.93,29.294,14.596,2.965,TP,3,0.017,0.025,0.03,0.006,0.016,0.025
151,5,248.74,126.91,5.41,34.202,17.449,2.704,TP,4,0.029,0.204,0.206,0.028,-0.005,0.204
151,6,136.36,149.25,3.81,18.749,20.521,1.906,TP,5,0.104,0.001,0.104,-0.104,-0.008,0.001
151,7,148.4,167.8,9.0,20.405,23.073,4.5,FP,,,,,,,
151,8,443.94,169.35,7.4,61.041,23.286,3.701,TP,6,0.026,0.139,0.141,-0.019,-0.017,0.139
151,9,154.36,175.87,4.25,21.224,24.182,2.127,TP,7,0.077,0.157,0.174,-0.051,-0.058,0.157
151,10,50.63,180.31,2.93,6.961,24.792,1.464,TP,8,0.066,0.036,0.075,-0.065,-0.007,-0.036
151,11,3.03,194.47,7.94,0.417,26.739,3.972,TP,9,0.043,0.003,0.043,0.041,-0.011,0.003
151,12,165.11,195.58,1.0,22.702,26.892,0.5,TP,10,0.002,0.0,0.002,-0.002,-0.001,0.0
151,13,239.79,204.47,7.67,32.971,28.114,3.833,TP,11,0.62,0.142,0.636,0.521,0.336,-0.142
151,14,43.65,203.1,7.83,6.001,27.926,3.915,TP,12,0.213,0.065,0.222,0.159,0.141,0.065
151,15,230.36,256.12,7.58,31.675,35.216,3.79,TP,13,0.046,0.009,0.046,0.026,0.037,0.009
151,16,17.63,260.68,1.87,2.425,35.843,0.936,TP,14,0.091,0.048,0.103,0.039,0.082,-0.048
151,17,145.91,331.65,7.1,20.063,45.602,3.549,TP,15,0.032,0.098,0.103,0.032,-0.0,0.098
151,18,324.61,336.8,1.48,44.634,46.31,0.739,TP,16,0.021,0.081,0.084,0.01,0.019,0.081
151,19,435.92,392.53,4.02,59.939,53.973,2.01,TP,17,0.064,0.043,0.077,-0.053,-0.035,0.043
151,20,132.89,406.87,6.0,18.273,55.944,3.0,TP,18,0.038,0.0,0.038,0.03,0.024,0.0
151,21,362.79,466.17,5.39,49.884,64.098,2.697,TP,19,0.04,0.238,0.242,0.003,-0.04,0.238
154,0,500.9,4.03,2.18,68.874,0.555,1.088,TP,0,0.026,0.081,0.085,0.024,-0.01,0.081
154,1,232.6,23.56,7.75,31.983,3.239,3.874,TP,1,0.043,0.136,0.143,-0.043,-0.004,0.136
154,2,33.78,122.35,6.63,4.644,16.823,3.314,TP,2,0.025,0.029,0.038,0.009,-0.023,0.029
154,3,381.74,120.75,7.91,52.489,16.603,3.955,TP,3,0.393,0.171,0.429,0.393,0.008,0.171
154,4,69.5,126.0,9.0,9.556,17.325,4.5,TP,5,0.961,2.836,2.994,-0.213,-0.937,2.836
154,5,71.02,132.92,3.53,9.766,18.277,1.763,FP,,,,,,,
154,6,340.76,134.17,7.09,46.855,18.448,3.547,TP,4,0.073,0.051,0.089,0.053,0.049,-0.051
154,7,228.44,166.05,3.88,31.411,22.832,1.94,TP,6,0.008,0.047,0.047,-0.007,-0.004,0.047
154,8,463.21,222.6,3.75,63.691,30.607,1.875,TP,7,0.033,0.097,0.103,0.005,0.032,-0.097
154,9,121.18,228.49,5.87,16.662,31.418,2.937,TP,8,0.122,0.174,0.212,-0.074,-0.097,0.174
154,10,398.03,315.79,4.54,54.73,43.421,2.27,TP,9,0.118,0.248,0.274,-0.115,-0.026,0.248
154,11,456.28,325.16,2.4,62.738,44.709,1.198,TP,10,0.05,0.041,0.064,-0.013,-0.048,0.041
154,12,140.93,346.12,5.67,19.377,47.592,2.835,TP,11,0.037,0.172,0.176,0.036,-0.008,-0.172
154,13,96.26,398.47,1.91,13.235,54.789,0.957,TP,13,0.138,0.072,0.156,-0.137,0.016,-0.072
154,14,3.68,399.64,4.04,0.506,54.95,2.021,TP,12,0.102,0.134,0.168,0.102,-0.002,0.134
154,15,109.2,408.83,8.0,15.015,56.215,4.0,TP,14,1.048,0.21,1.069,0.958,0.424,-0.21
154,16,108.79,452.09,1.62,14.959,62.162,0.809,TP,15,0.021,0.097,0.099,-0.012,-0.017,0.097
154,17,412.08,475.23,1.19,56.661,65.344,0.594,TP,16,0.012,0.15,0.151,0.011,-0.002,-0.15
154,18,399.91,485.22,5.58,54.987,66.718,2.791,TP,17,0.26,0.489,0.554,0.212,0.151,-0.489
154,19,140.63,501.81,6.43,19.337,68.999,3.215,TP,19,0.195,0.296,0.354,-0.016,-0.194,0.296
154,,,,,55.95,67.359,0.75,FN,18,,,,,,
161,0,503.33,35.79,3.4,69.208,4.921,1.699,TP,0,0.043,0.004,0.044,-0.034,-0.027,-0.004
161,1,336.0,32.04,3.99,46.2,4.405,1.997,TP,1,0.017,0.244,0.244,0.002,-0.017,-0.244
161,2,311.79,72.1,2.45,42.871,9.914,1.223,TP,2,0.066,0.025,0.071,-0.062,-0.025,0.025
161,3,194.39,78.31,2.59,26.728,10.768,1.294,TP,3,0.004,0.045,0.045,0.001,0.003,-0.045
161,4,357.0,93.8,9.0,49.088,12.898,4.5,FP,,,,,,,
161,5,366.44,101.68,7.88,50.386,13.981,3.941,TP,4,0.201,0.077,0.215,0.162,0.118,-0.077
161,6,509.17,167.0,8.0,70.011,22.962,4.0,TP,5,0.918,2.365,2.537,-0.188,-0.899,2.365
161,7,466.51,181.82,2.94,64.145,25.0,1.47,TP,6,0.079,0.008,0.079,-0.061,-0.049,0.008
161,8,175.11,199.51,3.74,24.077,27.433,1.869,TP,7,0.003,0.061,0.061,-0.003,-0.002,-0.061
161,9,470.35,209.01,3.74,64.673,28.739,1.869,TP,8,0.028,0.021,0.035,0.022,0.017,-0.021
161,10,345.39,244.14,1.49,47.492,33.569,0.745,TP,9,0.014,0.01,0.017,-0.001,0.014,0.01
161,11,90.11,265.72,2.16,12.391,36.537,1.081,TP,10,0.009,0.026,0.028,-0.007,-0.005,0.026
161,12,397.54,290.83,1.0,54.662,39.989,0.5,TP,11,0.016,0.0,0.016,-0.016,-0.003,0.0
161,13,350.52,320.89,3.75,48.197,44.123,1.876,TP,12,0.01,0.114,0.114,0.01,-0.003,-0.114
161,14,292.65,384.95,4.45,40.239,52.93,2.226,TP,13,0.005,0.003,0.006,0.001,0.005,0.003
161,15,276.0,392.0,7.0,37.95,53.9,3.5,FP,,,,,,,
161,16,270.38,409.32,3.65,37.178,56.282,1.826,TP,14,0.007,0.035,0.036,-0.007,-0.003,-0.035
161,17,465.69,411.48,7.69,64.033,56.579,3.847,TP,15,0.051,0.071,0.087,0.025,-0.044,0.071
161,18,172.4,441.96,2.27,23.705,60.77,1.136,TP,16,0.006,0.039,0.039,-0.005,0.004,0.039
161,19,319.48,460.87,5.42,43.928,63.369,2.71,TP,17,0.191,0.214,0.287,-0.053,-0.184,0.214
161,20,245.42,477.79,2.86,33.745,65.696,1.43,TP,18,0.008,0.035,0.036,-0.007,-0.003,0.035
161,21,278.64,491.4,3.54,38.313,67.568,1.77,TP,19,0.009,0.015,0.018,-0.006,0.006,-0.015
195,0,387.66,73.24,2.21,53.304,10.07,1.103,TP,0,0.095,0.036,0.101,0.087,0.037,-0.036
195,1,374.37,89.65,5.13,51.476,12.326,2.565,TP,1,0.029,0.144,0.147,-0.028,0.007,0.144
195,2,107.17,121.15,3.63,14.736,16.658,1.814,TP,2,0.018,0.016,0.024,-0.008,0.016,0.016
195,3,170.35,113.47,1.0,23.424,15.602,0.5,TP,3,0.039,0.0,0.039,-0.012,0.037,0.0
195,4,155.76,142.89,4.0,21.417,19.648,2.0,TP,4,0.018,0.0,0.018,0.005,0.018,0.0
195,5,452.27,149.24,7.71,62.187,20.521,3.854,TP,5,0.632,0.215,0.668,0.629,0.069,-0.215
195,6,445.0,148.0,9.0,61.188,20.35,4.5,FP,,,,,,,
195,7,258.57,166.62,5.0,35.554,22.91,2.5,TP,6,1.057,0.788,1.319,-0.009,-1.057,0.788
195,8,258.92,177.18,2.91,35.602,24.363,1.455,FP,,,,,,,
195,9,257.9,176.6,1.0,35.461,24.283,0.5,FP,,,,,,,
195,10,398.93,197.42,3.41,54.853,27.145,1.705,TP,7,0.011,0.081,0.082,0.008,0.008,-0.081
195,11,483.22,227.22,4.06,66.443,31.243,2.029,TP,8,0.061,0.252,0.259,0.055,0.026,-0.252
195,12,219.85,262.74,2.36,30.229,36.127,1.179,TP,10,0.009,0.057,0.057,0.007,0.005,-0.057
195,13,191.86,272.81,8.68,26.381,37.511,4.34,FP,,,,,,,
195,14,208.7,271.38,7.52,28.696,37.315,3.759,TP,11,0.298,0.047,0.302,0.297,-0.025,-0.047
195,15,201.33,275.67,6.0,27.683,37.904,3.0,FP,,,,,,,
195,16,190.57,281.71,9.0,26.204,38.736,4.5,FP,,,,,,,
195,17,118.0,290.08,1.35,16.225,39.886,0.677,TP,12,0.034,0.02,0.04,-0.033,-0.008,0.02
195,18,201.9,297.01,2.48,27.761,40.839,1.238,TP,13,0.01,0.021,0.023,-0.009,-0.004,0.021
195,19,350.99,315.1,2.51,48.261,43.326,1.256,TP,14,0.016,0.016,0.022,-0.015,-0.005,0.016
195,20,91.31,330.68,2.92,12.555,45.469,1.458,TP,15,0.013,0.009,0.015,-0.008,-0.01,0.009
195,21,292.91,403.18,3.53,40.275,55.438,1.766,TP,16,0.025,0.102,0.105,0.022,0.012,-0.102
195,22,247.69,443.83,6.87,34.057,61.027,3.435,TP,17,0.214,0.091,0.233,-0.193,-0.093,-0.091
195,23,256.25,447.0,8.0,35.234,61.463,4.0,FP,,,,,,,
195,24,505.78,491.57,2.06,69.544,67.591,1.031,TP,18,0.144,0.311,0.343,-0.141,-0.031,0.311
195,25,169.97,505.18,5.64,23.371,69.463,2.82,TP,19,0.065,0.016,0.067,-0.064,-0.013,0.016
195,,,,,25.219,36.5,4.422,FN,9,,,,,,
196,0,72.12,8.54,6.49,9.916,1.175,3.246,TP,0,0.218,0.381,0.439,-0.022,-0.217,0.381
196,1,31.58,38.63,4.44,4.343,5.312,2.221,TP,1,0.04,0.003,0.04,-0.038,-0.011,-0.003
196,2,261.59,67.18,6.0,35.968,9.238,3.0,TP,2,0.051,0.0,0.051,0.045,0.024,0.0
196,3,54.16,93.39,2.01,7.446,12.841,1.006,TP,3,0.016,0.006,0.017,-0.016,0.003,0.006
196,4,344.78,122.46,2.39,47.408,16.838,1.196,TP,4,0.029,0.042,0.051,0.003,-0.029,-0.042
196,5,246.76,168.99,3.0,33.93,23.236,1.5,TP,5,0.003,0.029,0.029,-0.003,0.0,0.029
196,6,495.76,175.34,4.37,68.167,24.109,2.185,TP,6,0.003,0.012,0.013,-0.003,-0.002,0.012
196,7,221.41,172.97,5.91,30.444,23.784,2.954,TP,7,0.012,0.043,0.045,-0.005,-0.011,-0.043
196,8,140.12,231.13,8.12,19.266,31.781,4.06,TP,8,0.468,0.019,0.468,0.357,0.303,-0.019
196,9,260.0,306.13,2.65,35.75,42.093,1.323,TP,9,0.023,0.126,0.128,-0.013,-0.019,0.126
196,10,44.42,318.21,1.8,6.108,43.754,0.901,TP,10,0.007,0.026,0.027,-0.002,0.007,0.026
196,11,429.67,374.5,6.85,59.08,51.493,3.427,TP,12,0.102,0.164,0.193,-0.055,-0.086,0.164
196,12,196.83,375.14,1.42,27.064,51.581,0.712,TP,11,0.078,0.004,0.078,0.043,0.064,0.004
196,13,99.19,398.93,5.85,13.639,54.852,2.924,TP,14,0.112,0.114,0.16,0.0,-0.112,0.114
196,14,333.36,398.14,3.35,45.837,54.744,1.673,TP,13,0.01,0.036,0.037,0.001,0.01,-0.036
196,15,430.01,419.02,7.67,59.126,57.615,3.835,TP,15,0.046,0.057,0.073,0.046,-0.003,0.057
196,16,241.65,424.39,3.94,33.226,58.353,1.969,TP,16,0.092,0.063,0.112,0.067,0.063,-0.063
196,17,491.23,430.5,2.05,67.545,59.194,1.025,TP,17,0.014,0.05,0.052,-0.005,0.013,0.05
196,18,414.93,475.15,1.0,57.053,65.334,0.5,TP,18,0.086,0.0,0.086,0.085,-0.01,0.0
196,19,431.68,485.79,7.8,59.356,66.796,3.902,TP,19,0.427,0.131,0.446,0.118,0.41,-0.131
21,0,196.35,62.75,1.3,26.998,8.628,0.65,TP,0,0.025,0.021,0.033,-0.006,0.024,0.021
21,1,480.68,74.72,7.16,66.094,10.275,3.579,TP,1,0.033,0.075,0.082,-0.022,-0.024,0.075
21,2,362.25,76.28,7.09,49.809,10.488,3.543,TP,2,0.013,0.017,0.021,0.011,0.006,0.017
21,3,311.33,126.67,6.0,42.808,17.417,3.0,FP,,,,,,,
21,4,311.8,126.6,8.0,42.872,17.407,4.0,FP,,,,,,,
21,5,315.89,137.7,3.48,43.435,18.934,1.742,TP,3,0.139,0.085,0.163,0.047,0.13,-0.085
21,6,404.5,142.16,7.32,55.619,19.547,3.662,TP,4,0.047,0.061,0.077,0.025,0.04,0.061
21,7,193.96,212.26,3.19,26.67,29.185,1.597,TP,5,0.009,0.008,0.012,0.009,0.001,0.008
21,8,17.15,237.71,4.16,2.358,32.685,2.08,TP,6,0.006,0.021,0.022,-0.002,-0.006,-0.021
21,9,413.66,241.47,2.25,56.879,33.202,1.123,TP,7,0.002,0.038,0.038,0.002,-0.001,0.038
21,10,59.4,263.25,6.71,8.168,36.197,3.357,TP,8,0.078,0.128,0.149,0.003,-0.078,0.128
21,11,485.25,291.22,5.32,66.722,40.042,2.661,TP,9,0.061,0.158,0.17,-0.016,-0.059,0.158
21,12,363.41,290.11,2.02,49.969,39.89,1.008,TP,10,0.028,0.07,0.075,-0.028,-0.003,0.07
21,13,396.57,315.88,2.44,54.528,43.433,1.222,TP,11,0.002,0.011,0.011,0.002,-0.0,-0.011
21,14,497.72,364.29,4.68,68.437,50.091,2.342,TP,12,0.153,0.352,0.384,-0.146,-0.046,0.352
21,15,142.08,374.68,1.55,19.535,51.518,0.774,TP,13,0.009,0.036,0.037,-0.007,0.006,0.036
21,16,510.75,371.0,2.0,70.228,51.013,1.0,FP,,,,,,,
21,17,35.24,378.26,6.83,4.845,52.01,3.414,TP,14,0.105,0.086,0.136,-0.099,-0.035,-0.086
21,18,491.68,395.61,5.45,67.607,54.396,2.726,TP,15,0.043,0.119,0.127,-0.012,-0.042,0.119
21,19,200.36,449.97,6.82,27.55,61.872,3.408,TP,16,0.023,0.012,0.026,0.022,-0.006,-0.012
21,20,359.84,455.1,7.67,49.478,62.576,3.833,TP,17,0.114,0.041,0.121,0.105,0.046,0.041
21,21,7.78,467.45,2.47,1.069,64.274,1.234,TP,18,0.014,0.028,0.032,0.014,-0.001,0.028
21,22,23.21,482.59,2.14,3.191,66.357,1.071,TP,19,0.047,0.017,0.05,-0.02,-0.043,-0.017
35,0,498.94,21.86,3.3,68.604,3.005,1.649,TP,0,0.021,0.008,0.022,0.02,0.001,-0.008
35,1,314.48,24.59,5.88,43.242,3.381,2.938,TP,1,0.081,0.195,0.211,-0.013,-0.08,0.195
35,2,469.17,57.57,1.0,64.511,7.916,0.5,TP,2,0.031,0.0,0.031,-0.031,-0.003,0.0
35,3,161.37,78.14,2.33,22.189,10.744,1.164,TP,3,0.03,0.051,0.059,-0.015,-0.026,0.051
35,4,7.69,85.66,6.89,1.057,11.778,3.443,TP,4,0.307,0.466,0.558,-0.221,-0.213,0.466
35,5,230.19,117.57,2.0,31.651,16.165,1.0,TP,5,0.015,0.03,0.034,0.01,0.012,0.03
35,6,326.63,138.1,7.22,44.912,18.988,3.611,TP,6,0.113,0.189,0.22,0.112,0.014,-0.189
35,7,162.38,150.05,6.0,22.327,20.631,3.0,TP,7,0.027,0.0,0.027,-0.026,0.006,0.0
35,8,476.37,167.7,6.52,65.501,23.059,3.262,TP,9,0.212,0.308,0.374,0.002,-0.212,0.308
35,9,143.17,164.71,1.57,19.685,22.648,0.786,TP,8,0.038,0.022,0.043,0.031,0.022,0.022
35,10,388.5,171.88,9.0,53.419,23.633,4.5,FP,,,,,,,
35,11,385.52,184.53,4.53,53.009,25.373,2.265,TP,10,0.02,0.008,0.021,-0.018,0.007,0.008
35,12,250.49,248.87,6.88,34.442,34.219,3.438,TP,11,0.173,0.432,0.466,-0.043,-0.168,0.432
35,13,250.0,256.5,8.0,34.375,35.269,4.0,FP,,,,,,,
35,14,47.56,268.89,3.34,6.54,36.972,1.671,TP,13,0.008,0.019,0.02,-0.004,0.007,-0.019
35,15,322.5,364.48,1.45,44.344,50.115,0.726,TP,14,0.043,0.018,0.047,0.007,0.042,-0.018
35,16,273.84,370.72,6.55,37.654,50.973,3.274,TP,15,0.059,0.288,0.294,-0.005,-0.058,0.288
35,17,303.46,413.4,1.89,41.726,56.843,0.943,TP,16,0.045,0.045,0.064,-0.044,0.005,0.045
35,18,59.92,447.33,3.64,8.24,61.508,1.818,TP,17,0.024,0.028,0.037,0.016,0.018,-0.028
35,19,495.5,456.5,1.0,68.131,62.769,0.5,TP,18,0.033,0.0,0.033,-0.028,-0.018,0.0
35,20,422.67,487.67,4.31,58.117,67.055,2.153,TP,19,0.017,0.033,0.037,0.002,0.017,0.033
35,,,,,35.441,34.367,4.008,FN,12,,,,,,
44,0,231.55,2.0,2.91,31.838,0.275,1.455,TP,0,0.176,0.515,0.544,0.021,0.175,0.515
44,1,87.57,13.69,4.87,12.041,1.882,2.436,TP,1,0.027,0.018,0.032,0.021,-0.016,-0.018
44,2,170.84,12.34,7.89,23.49,1.697,3.943,TP,2,0.052,0.07,0.087,0.042,-0.03,0.07
44,3,34.88,21.67,2.07,4.797,2.98,1.035,TP,3,0.018,0.043,0.047,0.017,0.007,0.043
44,4,402.34,54.94,7.75,55.321,7.554,3.874,TP,4,0.266,0.289,0.393,-0.181,-0.196,0.289
44,5,440.76,120.57,7.08,60.605,16.578,3.541,TP,5,0.043,0.037,0.057,-0.005,-0.043,0.037
44,6,272.17,187.83,2.28,37.423,25.827,1.138,TP,6,0.02,0.037,0.042,-0.016,-0.012,-0.037
44,7,294.6,217.36,2.94,40.507,29.887,1.47,TP,7,0.011,0.042,0.043,-0.009,-0.006,-0.042
44,8,372.35,232.15,6.15,51.198,31.921,3.076,TP,8,0.045,0.085,0.096,0.016,0.043,-0.085
44,9,328.58,235.78,6.95,45.179,32.42,3.476,TP,9,0.026,0.001,0.026,-0.015,-0.022,0.001
44,10,423.01,256.74,5.67,58.163,35.302,2.836,TP,10,0.038,0.134,0.14,0.011,-0.037,-0.134
44,11,58.94,266.11,1.0,8.105,36.59,0.5,TP,11,0.021,0.0,0.021,-0.021,0.002,0.0
44,12,326.97,348.15,5.22,44.959,47.87,2.611,TP,12,0.071,0.037,0.08,-0.054,-0.047,0.037
44,13,330.0,416.45,3.0,45.375,57.262,1.5,TP,13,0.049,0.0,0.049,-0.034,-0.035,0.0
44,14,360.06,413.35,2.94,49.508,56.835,1.472,TP,14,0.009,0.018,0.02,0.006,0.006,-0.018
44,15,442.7,418.34,2.43,60.871,57.522,1.214,TP,15,0.018,0.013,0.022,-0.013,0.013,0.013
44,16,418.78,441.75,6.02,57.582,60.741,3.01,TP,17,0.051,0.019,0.054,-0.023,-0.046,0.019
44,17,500.9,439.52,8.28,68.874,60.434,4.14,TP,16,0.835,0.116,0.843,0.015,0.834,-0.116
44,18,397.03,450.84,6.87,54.592,61.991,3.437,TP,18,0.124,0.17,0.211,-0.103,-0.069,0.17
44,19,410.3,480.04,2.87,56.416,66.005,1.437,TP,19,0.022,0.046,0.051,-0.002,0.022,-0.046
48,0,114.84,23.09,4.24,15.791,3.175,2.118,TP,1,0.01,0.095,0.095,0.008,-0.006,-0.095
48,1,271.95,33.07,3.36,37.393,4.547,1.679,TP,2,0.062,0.059,0.085,0.042,0.045,-0.059
48,2,237.94,53.54,4.49,32.716,7.362,2.247,TP,3,0.043,0.066,0.079,0.039,-0.019,-0.066
48,3,356.09,74.36,9.0,48.963,10.225,4.5,FP,,,,,,,
48,4,372.81,84.43,2.8,51.261,11.609,1.398,TP,4,0.009,0.005,0.01,0.007,0.004,0.005
48,5,141.47,101.84,3.29,19.452,14.003,1.645,TP,5,0.042,0.021,0.047,-0.03,-0.029,-0.021
48,6,263.33,105.65,7.92,36.207,14.527,3.959,TP,6,0.394,0.181,0.433,0.372,0.128,-0.181
48,7,173.89,183.09,1.0,23.91,25.175,0.5,TP,7,0.006,0.0,0.006,0.006,-0.001,0.0
48,8,482.58,206.18,2.84,66.354,28.349,1.418,TP,8,0.036,0.038,0.052,-0.032,-0.017,0.038
48,9,317.13,220.86,7.22,43.605,30.368,3.609,TP,9,0.09,0.145,0.171,0.088,-0.022,-0.145
48,10,84.67,235.91,2.61,11.642,32.438,1.304,TP,10,0.039,0.02,0.044,-0.029,-0.026,0.02
48,11,353.22,240.56,7.3,48.568,33.077,3.649,TP,11,0.287,0.315,0.427,-0.087,-0.274,0.315
48,12,45.8,268.8,2.28,6.297,36.959,1.138,TP,12,0.051,0.038,0.064,-0.038,-0.035,0.038
48,13,351.57,294.56,3.93,48.34,40.502,1.965,TP,13,0.008,0.026,0.027,0.003,-0.007,-0.026
48,14,420.95,322.94,2.89,57.881,44.404,1.447,TP,14,0.012,0.041,0.042,-0.01,0.006,-0.041
48,15,400.86,335.02,3.63,55.118,46.065,1.817,TP,15,0.009,0.001,0.009,0.002,0.008,0.001
48,16,377.99,329.45,2.95,51.973,45.3,1.474,TP,16,0.056,0.02,0.06,-0.056,-0.007,-0.02
48,17,422.97,392.89,1.06,58.159,54.022,0.529,TP,17,0.025,0.024,0.035,-0.015,0.02,-0.024
48,18,333.25,447.65,2.5,45.822,61.552,1.248,TP,18,0.016,0.018,0.025,-0.005,0.015,-0.018
48,19,60.74,483.8,6.14,8.351,66.523,3.069,TP,19,0.165,0.243,0.294,-0.069,-0.15,0.243
48,,,,,26.194,1.581,0.5,FN,0,,,,,,
55,0,30.81,25.51,8.69,4.236,3.508,4.346,TP,0,1.22,0.068,1.222,1.22,0.035,-0.068
55,1,201.06,25.82,2.46,27.646,3.55,1.231,TP,1,0.005,0.012,0.013,-0.001,0.005,0.012
55,2,269.87,94.69,2.9,37.108,13.02,1.45,TP,2,0.014,0.035,0.038,0.009,0.011,-0.035
55,3,372.78,114.07,5.97,51.257,15.685,2.984,TP,3,0.172,0.208,0.269,-0.142,-0.096,0.208
55,4,143.99,122.17,6.61,19.799,16.799,3.306,TP,4,0.009,0.067,0.068,0.009,-0.002,0.067
55,5,201.83,145.54,5.18,27.752,20.012,2.588,TP,5,0.168,0.024,0.169,-0.166,-0.022,0.024
55,6,507.65,149.18,7.7,69.802,20.512,3.852,TP,6,0.034,0.311,0.313,-0.033,-0.002,0.311
55,7,510.0,156.0,9.0,70.125,21.45,4.5,FP,,,,,,,
55,8,279.82,259.53,2.81,38.475,35.685,1.404,TP,7,0.058,0.01,0.059,0.035,0.046,-0.01
55,9,430.48,255.83,3.91,59.191,35.177,1.955,TP,8,0.038,0.001,0.038,0.038,-0.007,-0.001
55,10,352.15,267.46,5.02,48.421,36.776,2.509,TP,9,0.071,0.009,0.071,0.002,0.071,0.009
55,11,333.62,268.38,1.0,45.872,36.903,0.5,TP,10,0.021,0.0,0.021,-0.014,-0.016,0.0
55,12,241.99,345.48,3.19,33.274,47.503,1.597,TP,11,0.01,0.123,0.123,0.007,-0.006,0.123
55,13,102.42,351.09,3.52,14.083,48.275,1.76,TP,12,0.004,0.162,0.162,-0.002,0.003,-0.162
55,14,215.78,360.19,6.56,29.669,49.526,3.278,TP,13,0.028,0.008,0.029,0.027,-0.002,-0.008
55,15,351.9,387.59,7.83,48.386,53.294,3.915,TP,14,0.064,0.141,0.154,0.006,0.064,0.141
55,16,285.67,408.03,1.93,39.28,56.104,0.967,TP,15,0.065,0.026,0.07,-0.004,0.065,-0.026
55,17,273.0,423.11,7.6,37.538,58.178,3.798,TP,16,0.038,0.081,0.089,-0.038,0.005,0.081
55,18,64.02,469.42,3.97,8.803,64.545,1.984,TP,17,0.032,0.088,0.094,0.026,0.018,-0.088
55,19,393.12,495.07,6.73,54.054,68.073,3.367,TP,18,0.047,0.01,0.048,-0.01,-0.046,-0.01
55,20,179.09,508.2,8.03,24.624,69.878,4.014,TP,19,0.335,0.236,0.409,0.091,0.322,-0.236
58,0,288.79,53.72,3.39,39.708,7.387,1.694,TP,0,0.02,0.035,0.04,0.005,0.019,-0.035
58,1,296.82,89.61,3.45,40.813,12.322,1.724,TP,1,0.093,0.019,0.095,0.042,0.083,-0.019
58,2,215.31,96.42,3.22,29.605,13.257,1.608,TP,2,0.05,0.048,0.069,0.032,0.039,-0.048
58,3,442.08,121.51,7.25,60.786,16.707,3.623,TP,3,0.011,0.123,0.124,0.011,0.001,0.123
58,4,143.55,147.82,6.78,19.738,20.325,3.391,TP,4,0.013,0.075,0.076,0.005,-0.012,0.075
58,5,426.77,151.36,2.04,58.681,20.813,1.02,TP,5,0.016,0.033,0.037,-0.009,-0.013,0.033
58,6,124.6,176.53,5.78,17.133,24.273,2.889,TP,6,0.204,0.109,0.231,-0.118,-0.166,0.109
58,7,151.18,198.04,6.85,20.788,27.23,3.425,TP,7,0.004,0.137,0.137,0.003,-0.003,-0.137
58,8,422.43,217.67,6.0,58.084,29.929,3.0,TP,8,0.006,0.0,0.006,-0.006,0.001,0.0
58,9,494.04,260.9,7.49,67.93,35.874,3.745,TP,9,0.21,0.264,0.337,0.196,0.073,-0.264
58,10,214.95,341.52,5.0,29.556,46.959,2.5,TP,10,0.012,0.0,0.012,0.002,-0.012,0.0
58,11,269.14,337.85,2.06,37.006,46.455,1.028,TP,11,0.015,0.01,0.018,-0.015,0.003,0.01
58,12,57.78,378.89,1.89,7.945,52.097,0.943,TP,12,0.039,0.006,0.04,0.033,0.021,0.006
58,13,357.57,385.65,5.6,49.166,53.027,2.801,TP,13,0.056,0.235,0.242,-0.021,-0.052,0.235
58,14,166.64,391.65,2.88,22.913,53.851,1.442,TP,14,0.033,0.01,0.035,0.003,0.033,0.01
58,15,417.97,451.01,1.16,57.47,62.014,0.581,TP,15,0.044,0.02,0.048,0.017,0.041,0.02
58,16,241.44,473.14,3.98,33.198,65.057,1.99,TP,16,0.045,0.024,0.051,0.016,0.041,-0.024
58,17,204.01,470.6,8.11,28.052,64.707,4.055,TP,17,0.2,0.055,0.207,0.193,0.053,0.055
58,18,193.0,468.0,9.0,26.538,64.35,4.5,FP,,,,,,,
58,19,137.38,488.94,5.17,18.889,67.23,2.583,TP,18,0.212,0.327,0.39,-0.118,-0.177,0.327
66,0,159.5,51.38,6.69,21.931,7.065,3.347,TP,0,0.011,0.084,0.085,-0.01,0.004,0.084
66,1,8.97,61.33,1.44,1.233,8.433,0.72,TP,1,0.044,0.021,0.049,0.006,0.043,-0.021
66,2,306.21,78.13,1.0,42.104,10.743,0.5,TP,2,0.028,0.0,0.028,0.023,0.015,0.0
66,3,27.2,160.59,2.46,3.739,22.081,1.228,TP,3,0.009,0.012,0.016,-0.0,0.009,-0.012
66,4,401.34,195.0,2.9,55.184,26.812,1.45,TP,4,0.032,0.06,0.068,0.026,0.019,-0.06
66,5,91.88,216.05,6.62,12.633,29.707,3.308,TP,5,0.002,0.023,0.023,-0.002,-0.001,0.023
66,6,10.2,225.19,1.53,1.403,30.963,0.763,TP,6,0.026,0.026,0.037,0.016,0.021,0.026
66,7,92.75,235.68,6.17,12.753,32.406,3.087,TP,7,0.103,0.154,0.186,-0.068,-0.078,0.154
66,8,296.79,266.0,7.58,40.808,36.575,3.788,TP,8,0.038,0.038,0.054,0.026,0.028,0.038
66,9,307.27,284.74,7.72,42.249,39.152,3.862,TP,9,0.332,0.151,0.364,0.066,0.325,-0.151
66,10,308.67,295.33,9.0,42.442,40.608,4.5,FP,,,,,,,
66,11,465.98,326.07,4.81,64.072,44.835,2.403,TP,10,0.01,0.481,0.481,-0.003,0.01,-0.481
66,12,141.81,364.28,1.25,19.498,50.088,0.625,TP,11,0.015,0.007,0.017,-0.012,0.009,0.007
66,13,210.1,397.71,1.45,28.888,54.686,0.726,TP,13,0.011,0.018,0.021,-0.008,0.007,-0.018
66,14,47.48,409.58,1.48,6.529,56.317,0.742,TP,15,0.01,0.016,0.018,-0.009,0.004,-0.016
66,15,39.5,440.59,3.02,5.431,60.582,1.51,TP,16,0.041,0.02,0.046,-0.025,-0.033,-0.02
66,16,216.82,451.65,3.0,29.813,62.102,1.5,TP,17,0.014,0.016,0.021,-0.013,-0.006,0.016
66,17,50.52,459.56,2.88,6.947,63.189,1.439,TP,18,0.07,0.04,0.081,-0.042,-0.055,-0.04
66,18,5.46,474.84,2.0,0.751,65.291,1.0,TP,19,0.054,0.152,0.161,-0.051,0.018,-0.152
66,,,,,27.04,52.716,4.5,FN,12,,,,,,
66,,,,,57.338,54.381,0.5,FN,14,,,,,,
69,0,71.25,83.37,3.58,9.798,11.464,1.789,TP,0,0.292,0.516,0.593,-0.263,0.128,-0.516
69,1,474.7,92.24,2.34,65.272,12.683,1.169,TP,2,0.009,0.007,0.012,0.007,0.005,-0.007
69,2,415.45,103.26,6.6,57.124,14.198,3.298,TP,3,0.224,0.227,0.318,-0.132,-0.18,0.227
69,3,196.3,122.48,6.92,26.991,16.84,3.462,TP,4,0.039,0.015,0.042,0.036,-0.015,-0.015
69,4,265.91,124.36,4.01,36.562,17.099,2.004,TP,5,0.013,0.079,0.08,0.011,-0.006,0.079
69,5,500.05,156.41,2.44,68.756,21.506,1.219,TP,6,0.021,0.058,0.062,-0.019,0.011,0.058
69,6,439.65,187.25,4.86,60.452,25.746,2.429,TP,7,0.145,0.002,0.145,0.081,0.121,-0.002
69,7,68.21,203.16,6.01,9.379,27.934,3.004,TP,8,0.091,0.257,0.272,-0.088,-0.023,0.257
69,8,316.31,274.79,5.0,43.493,37.784,2.5,TP,9,0.024,0.0,0.024,-0.021,-0.01,0.0
69,9,405.64,278.15,3.04,55.776,38.246,1.52,TP,10,0.015,0.049,0.051,-0.015,-0.005,0.049
69,10,66.87,284.43,3.14,9.195,39.109,1.571,TP,11,0.015,0.002,0.016,0.015,0.004,-0.002
69,11,506.74,307.25,2.2,69.677,42.247,1.102,TP,12,0.013,0.21,0.211,0.012,0.003,0.21
69,12,448.33,317.55,7.19,61.646,43.664,3.596,TP,13,0.02,0.017,0.026,0.02,0.003,0.017
69,13,407.96,327.78,8.21,56.095,45.07,4.104,TP,14,0.065,0.104,0.122,0.057,-0.03,0.104
69,14,168.59,374.74,1.0,23.181,51.527,0.5,TP,15,0.021,0.0,0.021,0.014,0.016,0.0
69,15,128.82,381.01,2.02,17.713,52.389,1.009,TP,16,0.025,0.009,0.027,0.021,0.015,0.009
69,16,17.86,422.93,7.91,2.456,58.153,3.954,TP,17,0.37,0.12,0.389,0.346,0.133,-0.12
69,17,410.12,438.12,1.0,56.392,60.242,0.5,TP,18,0.029,0.0,0.029,-0.029,0.002,0.0
69,18,347.11,495.21,2.51,47.727,68.092,1.256,TP,19,0.015,0.0,0.015,0.002,-0.015,0.0
69,,,,,9.35,11.625,0.745,FN,1,,,,,,
75,0,63.75,9.21,5.08,8.766,1.267,2.538,TP,0,0.068,0.019,0.07,-0.04,-0.054,0.019
75,1,386.48,22.67,2.82,53.141,3.117,1.411,TP,1,0.009,0.089,0.089,-0.008,0.003,-0.089
75,2,420.81,27.1,2.51,57.861,3.726,1.253,TP,3,0.002,0.006,0.006,0.0,-0.002,0.006
75,3,336.33,31.69,5.12,46.246,4.357,2.558,TP,2,0.013,0.004,0.014,0.007,0.011,-0.004
75,4,477.32,48.16,4.33,65.632,6.622,2.167,TP,4,0.011,0.013,0.017,-0.008,0.008,0.013
75,5,427.31,74.71,1.28,58.755,10.273,0.639,TP,5,0.063,0.018,0.066,-0.0,-0.063,0.018
75,6,318.98,114.9,2.9,43.86,15.799,1.45,TP,6,0.012,0.0,0.012,-0.005,0.011,0.0
75,7,466.4,136.75,7.55,64.131,18.803,3.774,TP,7,0.059,0.014,0.06,-0.034,-0.048,0.014
75,8,367.37,143.91,2.47,50.514,19.787,1.233,TP,8,0.002,0.015,0.015,0.002,0.0,-0.015
75,9,26.25,159.88,4.0,3.609,21.983,2.0,TP,9,0.007,0.0,0.007,-0.002,-0.007,0.0
75,10,202.58,212.76,3.64,27.855,29.254,1.819,TP,10,0.004,0.065,0.065,-0.003,0.003,0.065
75,11,11.76,236.52,2.87,1.617,32.521,1.435,TP,11,0.013,0.048,0.05,-0.01,-0.008,0.048
75,12,475.11,263.95,7.13,65.328,36.294,3.564,TP,12,0.032,0.06,0.068,0.027,-0.016,-0.06
75,13,418.81,358.52,2.8,57.587,49.296,1.402,TP,13,0.012,0.006,0.013,0.01,0.006,-0.006
75,14,50.12,388.3,5.32,6.891,53.392,2.659,TP,14,0.083,0.058,0.101,-0.08,-0.023,0.058
75,15,491.15,419.35,7.33,67.533,57.66,3.665,TP,15,0.269,0.278,0.387,-0.102,-0.25,0.278
75,16,271.66,436.9,8.72,37.353,60.074,4.362,FP,,,,,,,
75,17,247.91,451.0,1.41,34.088,62.013,0.705,TP,17,0.017,0.004,0.017,-0.0,0.017,0.004
75,18,145.02,462.77,8.36,19.94,63.631,4.179,TP,18,0.183,0.198,0.269,-0.158,-0.092,0.198
75,19,208.33,487.52,1.48,28.645,67.034,0.739,TP,19,0.014,0.015,0.02,-0.006,0.013,0.015
75,,,,,37.007,58.691,4.369,FN,16,,,,,,
89,0,376.7,11.05,3.21,51.796,1.52,1.605,TP,0,0.076,0.05,0.091,0.024,0.072,0.05
89,1,59.69,25.82,5.66,8.208,3.551,2.83,TP,1,0.022,0.046,0.051,-0.022,0.001,0.046
89,2,100.0,38.19,4.61,13.75,5.252,2.303,TP,2,0.129,0.368,0.39,-0.07,-0.109,0.368
89,3,220.8,36.04,2.0,30.36,4.956,1.0,TP,3,0.021,0.031,0.037,0.02,0.006,0.031
89,4,289.14,43.6,5.14,39.756,5.996,2.568,TP,4,0.007,0.027,0.028,0.003,-0.006,0.027
89,5,378.45,42.58,7.47,52.037,5.854,3.734,TP,5,0.054,0.033,0.063,0.027,0.047,-0.033
89,6,66.61,55.95,5.86,9.158,7.693,2.932,TP,6,0.247,0.41,0.478,0.003,-0.247,0.41
89,7,120.29,71.15,1.92,16.54,9.783,0.96,TP,7,0.044,0.064,0.078,-0.043,-0.005,0.064
89,8,401.2,82.23,4.32,55.165,11.307,2.162,TP,8,0.048,0.104,0.115,-0.012,-0.047,0.104
89,9,506.94,84.73,6.46,69.704,11.651,3.231,TP,9,0.262,0.43,0.503,-0.138,-0.223,0.43
89,10,247.69,163.25,1.42,34.057,22.448,0.708,TP,10,0.028,0.023,0.036,-0.023,-0.016,0.023
89,11,144.4,278.96,6.54,19.855,38.357,3.27,TP,11,0.25,0.327,0.412,-0.061,-0.243,0.327
89,12,494.27,314.88,6.65,67.962,43.296,3.326,TP,12,0.146,0.112,0.184,0.129,0.069,-0.112
89,13,95.75,314.16,6.62,13.166,43.196,3.309,TP,13,0.072,0.309,0.317,-0.07,-0.017,0.309
89,14,298.99,327.64,4.18,41.111,45.05,2.091,TP,14,0.041,0.003,0.041,0.005,0.041,0.003
89,15,119.69,326.16,2.03,16.458,44.847,1.016,TP,15,0.036,0.072,0.08,-0.034,-0.008,0.072
89,16,215.75,371.05,1.0,29.666,51.019,0.5,TP,16,0.019,0.0,0.019,-0.014,0.014,0.0
89,17,381.91,406.64,9.0,52.513,55.912,4.5,TP,17,0.992,1.59,1.874,-0.925,-0.36,1.59
89,18,388.67,409.05,5.91,53.442,56.244,2.957,FP,,,,,,,
89,19,119.13,462.02,1.0,16.381,63.527,0.5,TP,18,0.038,0.0,0.038,-0.038,-0.002,0.0
89,20,41.09,463.03,2.49,5.651,63.667,1.247,TP,19,0.015,0.005,0.016,-0.015,-0.001,0.005
9,0,331.83,0.94,4.14,45.627,0.13,2.069,FP,,,,,,,
9,1,260.3,24.66,5.98,35.792,3.391,2.989,TP,0,0.041,0.011,0.043,-0.009,0.04,-0.011
9,2,483.08,60.99,6.3,66.423,8.386,3.148,TP,1,0.102,0.275,0.293,-0.095,-0.036,0.275
9,3,332.23,66.58,8.03,45.682,9.155,4.015,TP,2,0.152,0.032,0.156,0.11,0.106,0.032
9,4,123.74,66.83,2.62,17.015,9.189,1.308,TP,3,0.014,0.043,0.045,-0.014,0.003,0.043
9,5,212.34,106.87,2.02,29.197,14.695,1.008,TP,4,0.011,0.04,0.041,-0.001,-0.011,0.04
9,6,109.11,128.69,7.49,15.003,17.696,3.746,TP,5,0.268,0.096,0.284,0.266,0.028,-0.096
9,7,324.86,159.17,3.07,44.668,21.886,1.537,TP,6,0.044,0.062,0.076,0.044,-0.001,-0.062
9,8,398.86,191.42,6.9,54.843,26.321,3.45,TP,7,0.176,0.135,0.222,0.161,0.072,-0.135
9,9,349.78,215.2,6.9,48.095,29.59,3.448,TP,9,0.183,0.106,0.211,-0.089,-0.16,0.106
9,10,220.45,206.46,5.34,30.311,28.389,2.671,TP,8,0.071,0.11,0.131,-0.071,-0.002,0.11
9,11,423.61,233.3,8.17,58.246,32.079,4.087,TP,10,0.497,0.245,0.554,0.263,0.422,-0.245
9,12,199.5,267.15,2.42,27.431,36.733,1.212,TP,12,0.027,0.002,0.027,0.004,-0.027,0.002
9,13,230.87,260.25,1.81,31.744,35.785,0.907,TP,11,0.014,0.052,0.054,0.0,0.014,-0.052
9,14,47.3,316.14,2.67,6.504,43.469,1.336,TP,13,0.03,0.006,0.03,0.028,-0.01,-0.006
9,15,388.64,399.69,7.21,53.438,54.957,3.607,TP,14,0.438,0.299,0.531,0.438,0.01,-0.299
9,16,220.32,440.21,5.88,30.293,60.529,2.942,TP,15,0.075,0.088,0.115,-0.07,-0.027,0.088
9,17,221.83,460.83,7.55,30.502,63.364,3.774,TP,16,0.183,0.241,0.303,0.134,0.124,-0.241
9,18,416.71,496.99,3.15,57.298,68.336,1.575,TP,17,0.018,0.007,0.019,-0.004,-0.017,0.007
9,19,330.84,508.7,4.81,45.49,69.946,2.403,TP,18,0.082,0.261,0.274,-0.031,-0.076,0.261
91,0,73.03,20.89,3.0,10.042,2.873,1.5,TP,0,0.022,0.0,0.022,-0.01,-0.02,0.0
91,1,361.47,24.99,3.48,49.702,3.435,1.741,TP,1,0.013,0.037,0.039,-0.006,0.011,0.037
91,2,131.89,30.35,3.61,18.135,4.173,1.805,TP,2,0.024,0.14,0.142,-0.009,-0.023,-0.14
91,3,294.48,80.95,3.19,40.492,11.131,1.594,TP,3,0.016,0.044,0.047,-0.016,-0.003,0.044
91,4,222.31,115.91,5.77,30.567,15.938,2.885,TP,4,0.194,0.229,0.301,-0.038,-0.19,0.229
91,5,122.7,120.67,2.24,16.871,16.592,1.121,TP,5,0.055,0.038,0.067,-0.027,-0.047,0.038
91,6,70.2,150.61,7.83,9.652,20.709,3.917,TP,6,0.101,0.047,0.111,0.097,0.029,0.047
91,7,82.39,181.66,2.89,11.329,24.979,1.443,TP,7,0.014,0.039,0.042,-0.007,-0.012,0.039
91,8,49.34,212.58,1.92,6.784,29.23,0.959,TP,8,0.011,0.006,0.012,-0.008,-0.008,-0.006
91,9,87.42,209.24,1.52,12.021,28.771,0.758,TP,9,0.016,0.014,0.022,-0.016,-0.004,0.014
91,10,383.13,221.07,3.07,52.681,30.397,1.536,TP,10,0.067,0.045,0.08,0.011,0.066,-0.045
91,11,34.2,371.4,7.79,4.703,51.068,3.893,TP,12,0.105,0.016,0.106,0.078,0.07,0.016
91,12,278.3,367.36,8.59,38.267,50.512,4.295,TP,11,0.929,0.065,0.931,0.656,0.658,-0.065
91,13,468.87,368.16,2.9,64.469,50.622,1.451,TP,13,0.009,0.042,0.043,0.008,0.004,-0.042
91,14,213.95,417.55,2.42,29.418,57.412,1.212,TP,14,0.028,0.012,0.031,-0.025,-0.013,0.012
91,15,472.71,417.49,4.47,64.997,57.405,2.236,TP,15,0.018,0.019,0.026,0.009,0.016,-0.019
91,16,186.1,465.35,2.12,25.589,63.986,1.058,TP,16,0.012,0.066,0.067,0.01,-0.008,0.066
91,17,43.22,472.31,8.16,5.943,64.943,4.078,TP,17,0.195,0.068,0.206,0.192,0.035,0.068
91,18,205.38,490.71,6.63,28.24,67.472,3.313,TP,18,0.047,0.152,0.159,-0.025,-0.04,0.152
91,19,294.49,499.13,3.58,40.492,68.631,1.79,TP,19,0.012,0.005,0.013,-0.001,-0.012,-0.005
97,0,361.23,82.47,1.83,49.669,11.34,0.915,TP,0,0.011,0.085,0.086,0.006,-0.009,0.085
97,1,303.09,106.24,3.64,41.675,14.608,1.822,TP,1,0.033,0.029,0.044,0.028,0.019,-0.029
97,2,118.75,127.17,6.0,16.327,17.486,3.0,TP,2,0.039,0.0,0.039,-0.005,0.039,0.0
97,3,496.33,120.59,4.73,68.246,16.581,2.365,TP,3,0.077,0.115,0.138,-0.073,-0.023,0.115
97,4,308.9,160.37,3.06,42.473,22.051,1.528,TP,4,0.011,0.003,0.012,-0.011,0.001,-0.003
97,5,61.36,185.99,6.18,8.437,25.574,3.092,TP,5,0.049,0.001,0.049,0.049,0.004,0.001
97,6,193.45,246.91,1.0,26.599,33.951,0.5,TP,6,0.014,0.0,0.014,-0.006,0.013,0.0
97,7,296.9,265.49,2.49,40.823,36.504,1.244,TP,7,0.435,0.283,0.519,0.289,-0.325,0.283
97,8,303.8,272.2,4.2,41.772,37.428,2.1,TP,8,0.969,0.873,1.304,0.116,0.962,0.873
97,9,298.08,277.28,5.2,40.986,38.126,2.6,FP,,,,,,,
97,10,301.57,279.0,1.19,41.466,38.362,0.595,FP,,,,,,,
97,11,165.99,293.51,3.27,22.824,40.357,1.635,TP,9,0.008,0.029,0.03,0.006,-0.005,0.029
97,12,352.28,301.44,7.5,48.438,41.448,3.75,TP,11,0.137,0.082,0.16,-0.095,-0.099,0.082
97,13,302.86,310.81,8.64,41.644,42.736,4.32,TP,10,1.113,0.052,1.114,0.235,1.088,-0.052
97,14,81.79,310.64,5.71,11.247,42.713,2.854,TP,12,0.033,0.002,0.033,0.032,0.008,0.002
97,15,110.83,313.41,5.14,15.239,43.094,2.568,TP,13,0.025,0.086,0.09,0.023,-0.01,-0.086
97,16,307.0,316.5,2.0,42.213,43.519,1.0,FP,,,,,,,
97,17,312.86,321.29,9.0,43.018,44.177,4.5,FP,,,,,,,
97,18,317.23,331.06,5.71,43.619,45.52,2.855,TP,15,0.063,0.04,0.074,-0.026,-0.057,0.04
97,19,469.76,331.88,5.88,64.592,45.634,2.94,TP,14,0.146,0.106,0.18,-0.126,-0.073,0.106
97,20,336.5,325.0,1.0,46.269,44.688,0.5,FP,,,,,,,
97,21,397.6,372.97,3.74,54.669,51.284,1.868,TP,16,0.01,0.033,0.035,-0.008,0.006,-0.033
97,22,430.05,380.17,1.69,59.131,52.273,0.846,TP,17,0.029,0.093,0.097,-0.004,-0.029,0.093
97,23,430.5,384.0,4.0,59.194,52.8,2.0,FP,,,,,,,
97,24,38.98,407.63,7.86,5.36,56.049,3.931,TP,18,0.157,0.075,0.174,0.048,0.15,-0.075
97,25,309.47,448.92,7.53,42.552,61.727,3.764,TP,19,0.068,0.046,0.083,0.057,-0.038,-0.046
